{"cameraMode":{"drawMode":0,"name":"Shaded","section":"Shading Mode"},"sceneLighting":false,"audioPlay":false,"sceneViewState":{"showFog":true,"showMaterialUpdate":false,"showSkybox":false,"showFlares":true,"showImageEffects":true,"showParticleSystems":true},"in2DMode":false,"pivot":{"x":-1.3764466047286988,"y":-6.920000076293945,"z":0.0},"rotation":{"x":-0.14920829236507417,"y":-0.0838465467095375,"z":0.012699264101684094,"w":-0.9851813316345215},"size":26.168336868286134,"orthographic":false}